id_delivery,fare_estimate
1,3.8483326412553946
2,4.4599149720497220
3,6.1429016303762660
