id_delivery,fare_estimate
1,3.848332641
2,4.459914972
3,6.142901630
